iter	Logloss
0	0.4650681244
1	0.4196475218
